{"cameraMode":{"drawMode":0,"name":"Shaded","section":"Shading Mode"},"sceneLighting":true,"audioPlay":false,"sceneViewState":{"showFog":true,"showMaterialUpdate":false,"showSkybox":true,"showFlares":true,"showImageEffects":true,"showParticleSystems":true},"in2DMode":false,"pivot":{"x":0.039332978427410129,"y":0.00013941340148448944,"z":-0.19943605363368989},"rotation":{"x":0.19349133968353272,"y":0.6962580680847168,"z":-0.2039872407913208,"w":0.6604354977607727},"size":0.341280996799469,"orthographic":false}